﻿<?xml version="1.0" encoding="utf-8" ?>

<DXUI>

  <Localization>

    <Language id="eng">

      <T a="0YO" b="None"/>
      <T a="12YO" b="12+"/>
      <T a="16YO" b="16+"/>
      <T a="18YO" b="18+"/>
      <T a="ABORT_SCAN" b="Abort"/>
      <T a="ACTOR" b="Actor"/>
      <T a="ADD_NEW_PODCAST_FEED" b="Add new feed"/>
      <T a="ADD_TO_FAVORITES" b="Add to favorites"/>
      <T a="ALBUM" b="album"/>
      <T a="ANTENNA" b="Antenna"/>
      <T a="AR" b="Aspect ratio"/>
      <T a="ARTIST" b="artist"/>
      <T a="AR_169" b="16:9"/>
      <T a="AR_43" b="4:3"/>
      <T a="AR_AUTO" b="automatic"/>
      <T a="AR_STRETCHED" b="stretched"/>
      <T a="AR_SURROUNDING" b="surrounding"/>
      <T a="AUDIO_LFE" b="LFE"/>
      <T a="AUDIO_NORMALIZE" b="Normalize volume level"/>
      <T a="AUDIO_SETTINGS" b="Audio"/>
      <T a="AUDIO_SPEAKERS" b="Speakers"/>
      <T a="BACK" b="Back"/>
      <T a="BALANCE" b="History"/>
      <T a="BROWSE" b="Browse"/>
      <T a="BUILTIN_DXVA_DECODER" b="Enable DXVA"/>
      <T a="BUILTIN_H264_DECODER" b="Built-in H264 decoder"/>
      <T a="BUSY" b="Please wait..."/>
      <T a="BUY" b="Buy"/>
      <T a="BY_PIE" b="Provided by PIE"/>
      <T a="CABLE" b="Cable"/>
      <T a="CANCEL" b="Cancel"/>
      <T a="CANCEL_RECORDING" b="Would you like to cancel this recording?"/>
      <T a="CANCEL_REMINDER" b="Would you like to hide this message?"/>
      <T a="CAST" b="Cast"/>
      <T a="CD_DVD" b="CD/DVD"/>
      <T a="CHANNEL" b="Channel"/>
      <T a="CHANNELS" b="Channels"/>
      <T a="CHANNEL_EPG" b="View guide"/>
      <T a="CHANNEL_NAME" b="Channel name"/>
      <T a="CHANNEL_NOT_SET" b="(not set)"/>
      <T a="CHANNEL_ORDER" b="Channel order"/>
      <T a="CHANNEL_RELATED_VIDEOS" b="Related videos"/>
      <T a="CHANNEL_SCHEDULE" b="Program details"/>
      <T a="CHANNEL_SORT_BY_CURRENT" b="Add all channels"/>
      <T a="CHANNEL_SORT_BY_RANK" b="Sort by popularity"/>
      <T a="CHANNEL_SORT_BY_NAME" b="Sort by name"/>
      <T a="CHANNEL_SORT_DOWN" b="Move down"/>
      <T a="CHANNEL_SORT_UP" b="Move up"/>
      <T a="CHANNEL_SWITCH_TO" b="Switch to channel"/>
      <T a="CINEMA" b="Cinema"/>
      <T a="CINEMA_GUIDE" b="Guide"/>
      <T a="CINEMA_INFO" b="Info"/>
      <T a="CINEMA_MOVIE" b="Movie"/>
      <T a="CINEMA_PREMIER" b="Premiers"/>
      <T a="CINEMA_PREMIERS" b="Premiers"/>
      <T a="CINEMA_SHOWTIME" b="Showtime"/>
      <T a="CINEMA_TRAILER" b="Trailer"/>
      <T a="CLEAR_SELECTION" b="Clear selection"/>
      <T a="CONFIRM_PURCHASE" b="Would you like to buy the selected items?"/>
      <T a="CONNECT" b="Connect"/>
      <T a="CONTACTS" b="Contacts"/>
      <T a="CREATE_NEW_USER" b="User registration"/>
      <T a="CURRENT_BALANCE_X_POINTS" b="Your current balance: %d points."/>
      <T a="CUT" b="Cut"/>
      <T a="DAY_FRI" b="Fri"/>
      <T a="DAY_MON" b="Mon"/>
      <T a="DAY_SAT" b="Sat"/>
      <T a="DAY_SUN" b="Sun"/>
      <T a="DAY_THU" b="Thu"/>
      <T a="DAY_TUE" b="Tue"/>
      <T a="DAY_WEN" b="Wen"/>
      <T a="DELAY_NONE" b="None"/>
      <T a="DELETE" b="Delete"/>
      <T a="DELETE_CHANNEL" b="Delete channel"/>
      <T a="DEL_CONTACT" b="Delete contact"/>
      <T a="DESCRIPTION" b="Description"/>
      <T a="DIRECTOR" b="Director"/>
      <T a="DIR_DOCUMENTS" b="Documents"/>
      <T a="DIR_DOWNLOADS" b="Downloads"/>
      <T a="DIR_RECORDINGS" b="Recordings"/>
      <T a="DISABLED" b="Disabled"/>
      <T a="DISTRICT" b="District"/>
      <T a="DITV" b="DiTV"/>
      <T a="DONE" b="Done"/>
      <T a="DOWNLOAD" b="Download"/>
      <T a="UPLOAD" b="Upload"/>
      <T a="DOWNLOADING_FROM_YOUTUBE" b="Downloading from YouTube..."/>
      <T a="DOWNLOADS" b="Downloads"/>
      <T a="DOWNLOAD_ALL" b="Download already putchased items, too."/>
      <T a="DOWNLOAD_IN_PROGRESS" b="Download in progress..."/>
      <T a="DOWNLOAD_NEW" b="Download new items only."/>
      <T a="DOWNLOAD_NOTHING" b="Do not download anything now"/>
      <T a="DVB_TUNING" b="Tune (DVB)"/>
      <T a="DVD" b="DVD"/>
      <T a="EDIT_OR_PLAY" b="Edit recording?"/>
      <T a="EGYSZERVOLT" b="Egyszervolt"/>
      <T a="EMAIL" b="Email address"/>
      <T a="EMAIL_NOTE" b="new users only"/>
      <T a="ENABLED" b="Enabled"/>
      <T a="ENTER_STATION_NAME" b="Please enter a name for the URL"/>
      <T a="EPG" b="Guide"/>
      <T a="EPG_RECOMMEND" b="Suggestions"/>
      <T a="EPISODE" b="episode"/>
      <T a="ERROR" b="Error"/>
      <T a="EXIT" b="Exit"/>
      <T a="EXPIRED_PLEASE_UPDATE" b="This software has expired.\n\nPlease go to homesys.tv and update it to the latest version."/>
      <T a="F1" b="F1"/>
      <T a="F2" b="F2"/>
      <T a="F3" b="F3"/>
      <T a="F4" b="F4"/>
      <T a="FAVORITES" b="Favorites"/>
      <T a="FILES" b="Files"/>
      <T a="FILESIZE" b="Size"/>
      <T a="FREQUENCY" b="Frequency"/>
      <T a="GENERAL" b="General"/>
      <T a="GENRE" b="Genre"/>
      <T a="HOST_OR_IP" b="Host or IP address"/>
      <T a="HOTLINK_STRIP" b="HotLinks"/>
      <T a="HTPC_NAME" b="HTPC name:"/>
      <T a="HTPC_REG" b="HTPC registration"/>
      <T a="HTPC_REG_DONE" b="Registration was successful.\n\nTo go online register or enter your login details under settings.\n\nPlease press next."/>
      <T a="HTPC_REG_IN_PROGRESS" b="Creating initial database%s\n\nMake sure you are conneted to the internet.\n\nThis may take a few minutes to complete."/>
      <T a="HTPC_TUNERS" b="Found TV tuners:"/>
      <T a="HUNGARIAN" b="magyar"/>
      <T a="INACTIVITY_TIME" b="Inactivity time"/>
      <T a="INTERNET" b="Internet"/>
      <T a="INVALID_CODE_OR_SERVER_ERROR" b="Invalid code or server error."/>
      <T a="IN_PROGRESS" b="In progress..."/>
      <T a="LENGTH" b="Length"/>
      <T a="MAIN_MENU" b="Main"/>
      <T a="MEDIASHOP" b="Mediashop"/>
      <T a="MINUTES" b="min"/>
      <T a="MODIFY" b="Modify"/>
      <T a="MOST_POPULAR" b="Most popular"/>
      <T a="MOST_VIEWED" b="Most viewed"/>
      <T a="MOVIE" b="movie"/>
      <T a="MUSIC" b="music"/>
      <T a="MUSIC_STORE" b="Music store"/>
      <T a="MY_COMPUTER" b="Computer"/>
      <T a="NEWS" b="News"/>
      <T a="NEW_CHANNEL" b="New channel"/>
      <T a="NEW_CONTACT" b="New contact"/>
      <T a="NEW_RECORDING" b="New recording"/>
      <T a="NEXT" b="Next"/>
      <T a="NO" b="No"/>
      <T a="NONE" b="None"/>
      <T a="NO_CATEGORY" b="No category"/>
      <T a="NO_GUIDE" b="No guide"/>
      <T a="NO_PACKAGE" b="No package"/>
      <T a="NO_PROVIDER" b="No provider"/>
      <T a="NO_VALID_SUBSCRIPTION" b="No valid subscription"/>
      <T a="OFF" b="Off"/>
      <T a="ON" b="On"/>
      <T a="ON_SCREEN_KEYBOARD" b="On-screen keyboard"/>
      <T a="PACKAGE" b="Package"/>
      <T a="PARENTAL" b="Parental"/>
      <T a="PARENTAL_LEVEL_12" b="12+"/>
      <T a="PARENTAL_LEVEL_16" b="15+"/>
      <T a="PARENTAL_LEVEL_18" b="18+"/>
      <T a="PARENTAL_LEVEL_FULL" b="Highest"/>
      <T a="PARENTAL_LEVEL_OFF" b="Off"/>
      <T a="PASSWORD" b="Password"/>
      <T a="PASSWORD_AGAIN" b="Password again"/>
      <T a="PASSWORD_BALOON" b="Enter password!"/>
      <T a="PICTURES" b="Pictures"/>
      <T a="PLAY" b="Play"/>
      <T a="PLAY_ALL" b="Play all"/>
      <T a="PLAYBACK" b="Playback"/>
      <T a="PLAYLIST" b="Playlist"/>
      <T a="PLEASE_WAIT" b="Please wait"/>
      <T a="PODCAST" b="Podcast"/>
      <T a="PODCAST_ADD_ERROR" b="Wrong address"/>
      <T a="PODCAST_ENTER_RSS_URL" b="Please enter a valid RSS feed URL"/>
      <T a="POSTALCODE_OR_CITY" b="Postal code or city"/>
      <T a="PREVIEW" b="Preview"/>
      <T a="PRICE" b="Price"/>
      <T a="PRIME_TIME" b="Prime time"/>
      <T a="PROGRAM_STARTS" b="%s starts in %d seconds. (%d:%02d)"/>
      <T a="PROVIDER" b="Provider"/>
      <T a="QUALITY" b="Quality"/>
      <T a="RADIO" b="Radio"/>
      <T a="RATING" b="Age"/>
      <T a="RECORD" b="Record"/>
      <T a="RECORDINGS" b="Recordings"/>
      <T a="RECORDINGS_COMPLETED" b="Completed"/>
      <T a="RECORDINGS_ERROR" b="Failed"/>
      <T a="RECORDINGS_SCHEDULED" b="Scheduled"/>
      <T a="RECORDING_NAME" b="Name"/>
      <T a="RECORDING_PRESET" b="Preset"/>
      <T a="RECORDING_START" b="Start at"/>
      <T a="RECORDING_STARTS" b="Recording starts in %d seconds. (%d:%02d - %s)"/>
      <T a="RECORDING_START_EARLIER" b="Start earlier by"/>
      <T a="RECORDING_STOP" b="Stop at"/>
      <T a="RECORDING_STOP_LATER" b="Stop later by"/>
      <T a="RECORDING_SORT_ORDER" b="Sort order"/>
      <T a="RECORDING_SORT_GROUPPING" b="Group by series"/>
      <T a="RECORD_CANCEL" b="Cancel"/>
      <T a="RECORD_CANCEL_ALL" b="Cancel all"/>
      <T a="RECORD_EVERYWHERE" b="Record everywhere"/>
      <T a="RECORD_ON_CHANNEL" b="Record on channel"/>
      <T a="REDOWNLOAD" b="Download again"/>
      <T a="REFRESH" b="Refresh"/>
      <T a="REGISTER_FAILED" b="An unexpected error happened during registration, please try again later."/>
      <T a="REGISTER_PASSWORD_MISMATCH" b="Passwords do not match."/>
      <T a="REGISTER_PLEASE_FILL" b="Please fill in all required fields."/>
      <T a="REGISTER_USER_EXITS" b="User exits, please choose another name or enter valid password."/>
      <T a="REGISTRATION" b="Sign up"/>
      <T a="RELATED_PROGRAMS" b="Related programs"/>
      <T a="RELATED_VIDEOS" b="Related videos"/>
      <T a="UPLOADERS_VIDEOS" b="Uploader by this user"/>
      <T a="REMIND_ME" b="Remind me!"/>
      <T a="REPEAT_MODE_ALL" b="Play all"/>
      <T a="REPEAT_MODE_ONE" b="Stop after one file"/>
      <T a="REPEAT_MODE_RANDOM" b="Play in random order"/>
      <T a="SAVE" b="Save"/>
      <T a="SCAN_APPEND_PRESETS" b="Keep existing presets"/>
      <T a="SCHEDULE" b="Schedule"/>
      <T a="SEARCH" b="Search"/>
      <T a="SECONDS" b="sec"/>
      <T a="SELECT_ALL" b="Select all"/>
      <T a="SERVICE_OFFLINE" b="Service offline!"/>
      <T a="SETTINGS" b="Settings"/>
      <T a="SETTINGS_BUFFER_SIZE" b="Timeshift buffer length"/>
      <T a="SETTINGS_DIR_DOWNLOADS" b="Downloads"/>
      <T a="SETTINGS_DIR_RECORDINGS" b="Recordings"/>
      <T a="SETTINGS_DIR_TEMP" b="Temporary files"/>
      <T a="SETTINGS_HOTLINK_PODCAST" b="Podcast"/>
      <T a="SETTINGS_HOTLINK_PROGRAM" b="Television"/>
      <T a="SETTINGS_HOTLINK_MESSAGE" b="Messages"/>
      <T a="SETTINGS_HOTLINK_ACTIVITY" b="Share activity with contacts"/>
      <T a="SETTINGS_HOTLINK_TIMEOUT" b="Timeout"/>
      <T a="SETTINGS_FACEBOOK_ACTIVITY" b="Share activity on Facebook"/>
      <T a="SETTINGS_LANGUAGE" b="Language"/>
      <T a="SETTINGS_PERSONAL" b="Personal"/>
      <T a="SETTINGS_REGION" b="Region"/>
      <T a="SETTINGS_SKIN" b="Skin"/>
      <T a="SETTINGS_SKIN_DARK" b="Modern"/>
      <T a="SETTINGS_SKIN_ORANGE" b="Classic"/>
      <T a="SETTINGS_SKIN_JERSEY" b="Jersey"/>
      <T a="SETTINGS_RESTART_NEEDED" b="(needs restart)"/>
      <T a="SETTINGS_VERSION" b="Software version"/>
      <T a="SMARTCARDS" b="Smart Cards"/>
      <T a="SORT_BY" b="Sort by"/>
      <T a="SORT_BY_QUERY" b="Matches"/>
      <T a="SORT_BY_START" b="Time"/>
      <T a="STATION" b="Links"/>
      <T a="SUBITEMS" b="subitem(s)"/>
      <T a="SUBTITLE_SETTINGS" b="Subtitles"/>
      <T a="SUBTITLE_FACE" b="Font"/>
      <T a="SUBTITLE_SIZE" b="Size"/>
      <T a="SUBTITLE_BOLD" b="Bold"/>
      <T a="SUBTITLE_OUTLINE" b="Outline size"/>
      <T a="SUBTITLE_SHADOW" b="Shadow depth"/>
      <T a="SUBTITLE_MARGIN_BOTTOM" b="Position"/>
      <T a="SUBTITLE_BBOX" b="Background box"/>
      <T a="SUBSCRIPTION" b="Subscription"/>
      <T a="SUBSCRIPTION_ACTIVATE" b="Activate"/>
      <T a="SUBSCRIPTION_CODE" b="Code:"/>
      <T a="TEST" b="Test"/>
      <T a="TITLE" b="Title"/>
      <T a="TOGGLE_ALL" b="Check all"/>
      <T a="TRACK" b="track"/>
      <T a="TUNERS" b="Tuners"/>
      <T a="TUNE_MANUAL" b="Manual"/>
      <T a="TUNING" b="Tuning"/>
      <T a="TV" b="Television"/>
      <T a="TV_OSD" b="Television"/>
      <T a="WEBTV_OSD" b="WebTV" />
      <T a="TV_TUNING" b="TV Tuning"/>
      <T a="UPDATE" b="Update"/>
      <T a="USERNAME" b="Username"/>
      <T a="UTORRENT" b="μTorrent"/>
      <T a="VALID_UNTIL" b="Valid until %s (%s)"/>
      <T a="VIDEOSMART" b="VideoSmart"/>
      <T a="VIDEO_SETTINGS" b="Video"/>
      <T a="VIEWCOUNT" b="View count"/>
      <T a="WAITING_FOR_DOWNLOAD" b="Waiting for download"/>
      <T a="WEATHER" b="Weather"/>
      <T a="WEATHER_LOCAL" b="Local weather"/>
      <T a="WEATHER_TODAY" b="Weather today"/>
      <T a="WEATHER_WORLD" b="World"/>
      <T a="WISHLIST" b="Wishlist"/>
      <T a="WISHLIST_ADD" b="Add"/>
      <T a="WISHLIST_ANY_CHANNEL" b="-"/>
      <T a="WISHLIST_NOT_FOUND" b="No programs found in the current database. Do you still want to add it to the list?"/>
      <T a="X_TRACKS_Y_POINTS" b="%d tracks, %d points."/>
      <T a="YEAR" b="Year"/>
      <T a="YES" b="Yes"/>
      <T a="YOUTUBE" b="YouTube"/>
      <T a="YOUTUBE_ALL_CHANNELS" b="Every video"/>
      <T a="YOUTUBE_MOVIES_MOST_RECENT" b="Movies / Most Recent"/>
      <T a="YOUTUBE_MOVIES_MOST_POPULAR" b="Movies / Most Popular"/>
      <T a="YOUTUBE_MOVIES_TRENDING" b="Movies / Trending"/>
      <T a="YOUTUBE_SUBSCRIBE_TO_USER" b="Subscribe"/>
      <T a="CONTACTS_MESSAGES" b="Messages"/>
      <T a="CONTACTS_RECENT" b="What's New"/>
      <T a="CONTACTS_ADD" b="Add"/>
      <T a="CONTACTS_ADD_USERNAME" b="Username to search:"/>
      <T a="CONTACTS_NO_SUCH_USER" b="No such user!"/>
      <T a="CONTACTS_ADD_FAILED" b="Unknown error, adding failed."/>
      <T a="CONTACTS_DELETE_CONFIRM" b="Do you really want to delete this contact?"/>
      <T a="CONTACTS_CALL" b="Call"/>
      <T a="ACCEPT_CONTACT" b="Accept"/>
      <T a="BLOCK_CONTACT" b="Block"/>
      <T a="SEND_PODCAST" b="Send"/>
      <T a="SEND" b="Send"/>
      <T a="CONTACTDIALOG_TITLE" b="Select contacts"/>
      <T a="SWITCH_VIEW" b="Switch view"/>
      <T a="FACEBOOK_HAS_JUST_WATCHED" b="has just watched on HybridBox"/>
      <T a="FACEBOOK_LIKES" b="likes on HybridBox"/>
      <T a="FACEBOOK_LIKED_FEEDBACK" b="Sent to Facebook"/>
      <T a="LEVELS" b="Display mode:"/>
      <T a="LEVELS_FULLRANGE" b="Full range"/>
      <T a="LEVELS_TVSCALE" b="TV->PC"/>
      <T a="HOURS" b="hour"/>
      <T a="NOLTV" b="NOL TV"/>
      <T a="PREV_PAGE" b="Previous Page"/>
      <T a="NEXT_PAGE" b="Next Page"/>
      <T a="ALWAYS_ON_TOP" b="Always On Top"/>
      <T a="SKYPE" b="Skype"/>
      <T a="SKYPE_START_VIDEO_CALL" b="Video Call"/>
      <T a="SKYPE_START_AUDIO_CALL" b="Voice Call"/>
      <T a="SKYPE_START_CHAT" b="Chat"/>
      <T a="SKYPE_VIDEO_DEVICE" b="Video Input"/>
      <T a="SKYPE_AUDIO_IN_DEVICE" b="Audio Input"/>
      <T a="SKYPE_AUDIO_OUT_DEVICE" b="Audio Output"/>
      <T a="UPLOADEDBY" b="Uploaded by"/>
      <T a="RECOMMENDED" b="Recommended"/>
      <T a="GROOVESHARK_POPULAR" b="Popular" />
      <T a="GROOVESHARK_SEARCH" b="Search" />
      <T a="GROOVESHARK_MYMUSIC" b="My Music" />
      <T a="GROOVESHARK_PLAYLISTS" b="Playlists" />
      <T a="GROOVESHARK_SETTINGS" b="Settings" />
      <T a="GROOVESHARK_NOWPLAYING" b="Now Playing" />
      <T a="GROOVESHARK_WARNING" b="Please visit grooveshark.com to edit this list."/>
      <T a="GROOVESHARK_FULLSCREEN" b="Visualization"/>
      <T a="DROPBOX_AUTH_APP" b="Click here to let Homesys access your Dropbox account" />
      <T a="FIRSTNAME" b="First name"/>
      <T a="LASTNAME" b="Last name"/>
      <T a="COUNTRY" b="Country"/>
      <T a="ADDRESS" b="Address"/>
      <T a="POSTALCODE" b="Postal code"/>
      <T a="PHONENUMBER" b="Phone number"/>
      <T a="GENDER" b="Gender"/>
      <T a="MALE" b="Male"/>
      <T a="FEMALE" b="Female"/>
      <T a="TRAILER" b="Trailer"/>
      <T a="PERSONAL_DISCLAMER" b="To improve quality and help developement this software collects usage information.\nBased on this you may be offered personalized content and services.\nA third-party (for example online shops) could request your data, in each case you will be able to authorize it." />
    </Language>

    <Language id="hun">

      <T a="0YO" b="Nincs"/>
      <T a="12YO" b="12 év"/>
      <T a="16YO" b="16 év"/>
      <T a="18YO" b="18 év"/>
      <T a="ABORT_SCAN" b="Leállítás"/>
      <T a="ACTOR" b="Színész"/>
      <T a="ADD_NEW_PODCAST_FEED" b="Új cím felvétele"/>
      <T a="ADD_TO_FAVORITES" b="Felvétel a kedvencek közé"/>
      <T a="ALBUM" b="album"/>
      <T a="ANTENNA" b="Antenna"/>
      <T a="AR" b="Képarány"/>
      <T a="ARTIST" b="előadó"/>
      <T a="AR_169" b="16:9"/>
      <T a="AR_43" b="4:3"/>
      <T a="AR_AUTO" b="automatikus"/>
      <T a="AR_STRETCHED" b="széthúzott"/>
      <T a="AR_SURROUNDING" b="ablak körül"/>
      <T a="AUDIO_LFE" b="LFE (mélysugárzó)"/>
      <T a="AUDIO_NORMALIZE" b="Automatikus hangerő"/>
      <T a="AUDIO_SETTINGS" b="Hang"/>
      <T a="AUDIO_SPEAKERS" b="Hangszórók"/>
      <T a="BACK" b="Vissza"/>
      <T a="BALANCE" b="Egyenleg"/>
      <T a="BROWSE" b="Tallózás"/>
      <T a="BUILTIN_DXVA_DECODER" b="DXVA használata"/>
      <T a="BUILTIN_H264_DECODER" b="Beépített H264 dekóder"/>
      <T a="BUSY" b="Lekérdezés..."/>
      <T a="BUY" b="Vásárlás"/>
      <T a="BY_PIE" b="A mesterséges intelligencia szolgáltatója: PIE"/>
      <T a="CABLE" b="Kábel"/>
      <T a="CANCEL" b="Mégse"/>
      <T a="CANCEL_RECORDING" b="Leállítja az időzített felvételt?"/>
      <T a="CANCEL_REMINDER" b="Figyelmeztetés eltüntetése?"/>
      <T a="CAST" b="Szereplő"/>
      <T a="CD_DVD" b="CD/DVD"/>
      <T a="CHANNEL" b="Csatorna"/>
      <T a="CHANNELS" b="Csatornák"/>
      <T a="CHANNEL_EPG" b="Csatorna műsora"/>
      <T a="CHANNEL_NAME" b="Csatorna neve"/>
      <T a="CHANNEL_NOT_SET" b="(nincs)"/>
      <T a="CHANNEL_ORDER" b="Sorrend"/>
      <T a="CHANNEL_RELATED_VIDEOS" b="Kapcsolódó videók"/>
      <T a="CHANNEL_SCHEDULE" b="Műsorleírás"/>
      <T a="CHANNEL_SORT_BY_CURRENT" b="Mindent átrak"/>
      <T a="CHANNEL_SORT_BY_RANK" b="Nézettség szerint"/>
      <T a="CHANNEL_SORT_BY_NAME" b="Név szerint"/>
      <T a="CHANNEL_SORT_DOWN" b="Mozgatás le"/>
      <T a="CHANNEL_SORT_UP" b="Mozgatás fel"/>
      <T a="CHANNEL_SWITCH_TO" b="Váltás a csatornára"/>
      <T a="CINEMA" b="Mozi"/>
      <T a="CINEMA_GUIDE" b="Moziműsor"/>
      <T a="CINEMA_INFO" b="Ismertető"/>
      <T a="CINEMA_MOVIE" b="Mozifilm"/>
      <T a="CINEMA_PREMIER" b="Premierek"/>
      <T a="CINEMA_PREMIERS" b="Új filmek a héten"/>
      <T a="CINEMA_SHOWTIME" b="Vetítik"/>
      <T a="CINEMA_TRAILER" b="Trailer"/>
      <T a="CLEAR_SELECTION" b="Kijelölés törlése"/>
      <T a="CONFIRM_PURCHASE" b="Biztos megvásárolja a kijelölt tartalmakat?"/>
      <T a="CONNECT" b="Kapcsolódás"/>
      <T a="CONTACTS" b="Kapcsolatok"/>
      <T a="CREATE_NEW_USER" b="Belépési adatok"/>
      <T a="CURRENT_BALANCE_X_POINTS" b="Jelenlegi egyenlege: %d pont."/>
      <T a="CUT" b="Vágás"/>
      <T a="DAY_FRI" b="P"/>
      <T a="DAY_MON" b="H"/>
      <T a="DAY_SAT" b="Szo"/>
      <T a="DAY_SUN" b="V"/>
      <T a="DAY_THU" b="Cs"/>
      <T a="DAY_TUE" b="K"/>
      <T a="DAY_WEN" b="Sze"/>
      <T a="DELAY_NONE" b="Nincs"/>
      <T a="DELETE" b="Törlés"/>
      <T a="DELETE_CHANNEL" b="Csatorna törlése"/>
      <T a="DEL_CONTACT" b="Kapcsolat törlése"/>
      <T a="DESCRIPTION" b="Leírás"/>
      <T a="DIRECTOR" b="Rendező"/>
      <T a="DIR_DOCUMENTS" b="Dokumentumok könyvtár"/>
      <T a="DIR_DOWNLOADS" b="Letöltések könyvtár"/>
      <T a="DIR_RECORDINGS" b="Felvételek könyvtár"/>
      <T a="DISABLED" b="Letiltva"/>
      <T a="DISTRICT" b="Körzet"/>
      <T a="DITV" b="DiTV"/>
      <T a="DONE" b="Kész"/>
      <T a="DOWNLOAD" b="Letöltés"/>
      <T a="UPLOAD" b="Feltöltés"/>
      <T a="DOWNLOADING_FROM_YOUTUBE" b="Letöltés a YouTube-ról..."/>
      <T a="DOWNLOADS" b="Letöltések"/>
      <T a="DOWNLOAD_ALL" b="A régebben megvásároltak letöltése is."/>
      <T a="DOWNLOAD_IN_PROGRESS" b="Letöltés..."/>
      <T a="DOWNLOAD_NEW" b="Csak az újak letöltése."/>
      <T a="DOWNLOAD_NOTHING" b="Most nem tölt le semmit."/>
      <T a="DVB_TUNING" b="DVB Hangolás"/>
      <T a="DVD" b="DVD"/>
      <T a="EDIT_OR_PLAY" b="Megnyitás szerkesztésre?"/>
      <T a="EGYSZERVOLT" b="Egyszervolt"/>
      <T a="EMAIL" b="Email cím"/>
      <T a="EMAIL_NOTE" b="új felhasználó esetén"/>
      <T a="ENABLED" b="Engedélyezve"/>
      <T a="ENTER_STATION_NAME" b="Írjon be egy nevet az URL-nek"/>
      <T a="EPG" b="Műsorújság"/>
      <T a="EPG_RECOMMEND" b="Műsorajánló"/>
      <T a="EPISODE" b="rész"/>
      <T a="ERROR" b="Hiba"/>
      <T a="EXIT" b="Kilépés"/>
      <T a="EXPIRED_PLEASE_UPDATE" b="A program tesztelési (beta) verziója lejárt.\n\nKérjük keresse fel a homesys.tv címen weboldalunkat új verzióért."/>
      <T a="F1" b="F1"/>
      <T a="F2" b="F2"/>
      <T a="F3" b="F3"/>
      <T a="F4" b="F4"/>
      <T a="FAVORITES" b="Kedvencek"/>
      <T a="FILES" b="Fájlok"/>
      <T a="FILESIZE" b="Fájméret"/>
      <T a="FREQUENCY" b="Frekvencia"/>
      <T a="GENERAL" b="Általános"/>
      <T a="GENRE" b="Műfaj"/>
      <T a="HOST_OR_IP" b="Számítógép vagy IP cím"/>
      <T a="HOTLINK_STRIP" b="Ajánlósáv"/>
      <T a="HTPC_NAME" b="HTPC neve:"/>
      <T a="HTPC_REG" b="Új HTPC regisztráció"/>
      <T a="HTPC_REG_DONE" b="A regisztráció sikeres volt.\n\nAz online használathoz szükséges azonosítóját és jelszavát a beállításokban tudja megadni.\n\nKérjük nyomja meg a tovább gombot."/>
      <T a="HTPC_REG_IN_PROGRESS" b="Adatbázis létrehozása%s\n\nKérjük csatlakoztassa számítógépét az internethez.\n\nAz adatok letöltése pár percig eltarthat."/>
      <T a="HTPC_TUNERS" b="Talált TV tuner eszközök:"/>
      <T a="HUNGARIAN" b="hungarian"/>
      <T a="INACTIVITY_TIME" b="Inaktivitási idő"/>
      <T a="INTERNET" b="Internet"/>
      <T a="INVALID_CODE_OR_SERVER_ERROR" b="Hibás adatokat adott meg vagy nem sikerült kapcsolatba lépni a kiszolgálóval."/>
      <T a="IN_PROGRESS" b="Folyamatban..."/>
      <T a="LENGTH" b="Hossz"/>
      <T a="MAIN_MENU" b="Főmenü"/>
      <T a="MEDIASHOP" b="Mediashop"/>
      <T a="MINUTES" b="perc"/>
      <T a="MODIFY" b="Módosítás"/>
      <T a="MOST_POPULAR" b="Legnépszerűbb videók"/>
      <T a="MOST_VIEWED" b="Legtöbbet nézett videók"/>
      <T a="MOVIE" b="film"/>
      <T a="MUSIC" b="zene"/>
      <T a="MUSIC_STORE" b="Zenebolt"/>
      <T a="MY_COMPUTER" b="Sajátgép"/>
      <T a="NEWS" b="Hírek"/>
      <T a="NEW_CHANNEL" b="Új csatorna"/>
      <T a="NEW_CONTACT" b="Új kapcsolat hozzáadása"/>
      <T a="NEW_RECORDING" b="Új felvétel"/>
      <T a="NEXT" b="Tovább"/>
      <T a="NO" b="Nem"/>
      <T a="NONE" b="nix"/>
      <T a="NO_CATEGORY" b="Nincs kategória"/>
      <T a="NO_GUIDE" b="Műsorszünet"/>
      <T a="NO_PACKAGE" b="Nincs csomag"/>
      <T a="NO_PROVIDER" b="Nincs szolgáltató"/>
      <T a="NO_VALID_SUBSCRIPTION" b="Nincs érvényes előfizetés"/>
      <T a="OFF" b="Ki"/>
      <T a="ON" b="Be"/>
      <T a="ON_SCREEN_KEYBOARD" b="Szövegbevitel"/>
      <T a="PACKAGE" b="Csomag"/>
      <T a="PARENTAL" b="Gyerekzár"/>
      <T a="PARENTAL_LEVEL_12" b="Műsor (12)"/>
      <T a="PARENTAL_LEVEL_16" b="Műsor (15)"/>
      <T a="PARENTAL_LEVEL_18" b="Műsor (18)"/>
      <T a="PARENTAL_LEVEL_FULL" b="Teljes"/>
      <T a="PARENTAL_LEVEL_OFF" b="Nincs"/>
      <T a="PASSWORD" b="Jelszó"/>
      <T a="PASSWORD_AGAIN" b="Jelszó újra"/>
      <T a="PASSWORD_BALOON" b="Adja meg a jelszót!"/>
      <T a="PICTURES" b="Képek"/>
      <T a="PLAY" b="Lejátszás"/>
      <T a="PLAY_ALL" b="Összes lejátszása"/>
      <T a="PLAYBACK" b="Lejátszás"/>
      <T a="PLAYLIST" b="Lejátszási lista"/>
      <T a="PLEASE_WAIT" b="Kérem várjon"/>
      <T a="PODCAST" b="Podcast"/>
      <T a="PODCAST_ADD_ERROR" b="Hibás cím"/>
      <T a="PODCAST_ENTER_RSS_URL" b="Adjon meg egy RSS címet"/>
      <T a="POSTALCODE_OR_CITY" b="Irányítószám vagy város"/>
      <T a="PREVIEW" b="Előnézet"/>
      <T a="PRICE" b="Ár"/>
      <T a="PRIME_TIME" b="Főműsoridő"/>
      <T a="PROGRAM_STARTS" b="%s című műsor kezdődik %d másodperc múlva. (%d:%02d)"/>
      <T a="PROVIDER" b="Szolgáltató"/>
      <T a="QUALITY" b="Minőség"/>
      <T a="RADIO" b="Radió"/>
      <T a="RATING" b="Korhatár"/>
      <T a="RECORD" b="Felvétel"/>
      <T a="RECORDINGS" b="Felvételek"/>
      <T a="RECORDINGS_COMPLETED" b="Felvett"/>
      <T a="RECORDINGS_ERROR" b="Hibás"/>
      <T a="RECORDINGS_SCHEDULED" b="Időzített"/>
      <T a="RECORDING_NAME" b="Felvétel neve"/>
      <T a="RECORDING_PRESET" b="Felvétel helye"/>
      <T a="RECORDING_START" b="Kezdés ideje"/>
      <T a="RECORDING_STARTS" b="Felvétel kezdődik %d másodperc múlva. (%d:%02d - %s)"/>
      <T a="RECORDING_START_EARLIER" b="Ráhagyás előtte"/>
      <T a="RECORDING_STOP" b="Leállítás ideje"/>
      <T a="RECORDING_STOP_LATER" b="Ráhagyás utána"/>
      <T a="RECORDING_SORT_ORDER" b="Rendezési mód"/>
      <T a="RECORDING_SORT_GROUPPING" b="Sorozatok összevonása"/>
      <T a="RECORD_CANCEL" b="Felvétel visszavonása"/>
      <T a="RECORD_CANCEL_ALL" b="Sorozat visszavonása"/>
      <T a="RECORD_EVERYWHERE" b="Felvétel mindenhol"/>
      <T a="RECORD_ON_CHANNEL" b="Felvétel a csatornán"/>
      <T a="REDOWNLOAD" b="Letöltés újra"/>
      <T a="REFRESH" b="Frissítés"/>
      <T a="REGISTER_FAILED" b="Hiba történt a regisztráció során."/>
      <T a="REGISTER_PASSWORD_MISMATCH" b="Nem egyeznek a beírt jelszavak!"/>
      <T a="REGISTER_PLEASE_FILL" b="Nincs megadva minden szükséges adat!"/>
      <T a="REGISTER_USER_EXITS" b="Már van ilyen nevű felhasználó, válasszon másik felhasználói nevet vagy adja meg a helyes jelszót!"/>
      <T a="REGISTRATION" b="Regisztráció"/>
      <T a="RELATED_PROGRAMS" b="Hasonló műsorok"/>
      <T a="RELATED_VIDEOS" b="Hasonló videók"/>
      <T a="UPLOADERS_VIDEOS" b="Feltöltő videói"/>
      <T a="REMIND_ME" b="Figyelmeztetés"/>
      <T a="REPEAT_MODE_ALL" b="Lejátszás egymás után"/>
      <T a="REPEAT_MODE_ONE" b="Szám végén leáll"/>
      <T a="REPEAT_MODE_RANDOM" b="Lejátszás véletlenszerűen"/>
      <T a="SAVE" b="Mentés"/>
      <T a="SCAN_APPEND_PRESETS" b="Ne törölje a meglévő csatornákat"/>
      <T a="SCHEDULE" b="Időzítés"/>
      <T a="SEARCH" b="Keresés"/>
      <T a="SECONDS" b="mp"/>
      <T a="SELECT_ALL" b="Mindet kijelöl"/>
      <T a="SERVICE_OFFLINE" b="Nem fut a szerviz!"/>
      <T a="SETTINGS" b="Beállítások"/>
      <T a="SETTINGS_BUFFER_SIZE" b="Timeshift buffer mérete"/>
      <T a="SETTINGS_DIR_DOWNLOADS" b="Letöltés helye"/>
      <T a="SETTINGS_DIR_RECORDINGS" b="Felvételek helye"/>
      <T a="SETTINGS_DIR_TEMP" b="Ideiglenes fájlok"/>
      <T a="SETTINGS_HOTLINK_PODCAST" b="Podcast"/>
      <T a="SETTINGS_HOTLINK_PROGRAM" b="Televízió"/>
      <T a="SETTINGS_HOTLINK_MESSAGE" b="Üzenetek"/>
      <T a="SETTINGS_HOTLINK_ACTIVITY" b="Aktivitás megosztása a kapcsolatokkal"/>
      <T a="SETTINGS_HOTLINK_TIMEOUT" b="Megjelenés"/>
      <T a="SETTINGS_FACEBOOK_ACTIVITY" b="Aktivitás megosztása a Facebook-on"/>
      <T a="SETTINGS_LANGUAGE" b="Nyelv"/>
      <T a="SETTINGS_PERSONAL" b="Személyes"/>
      <T a="SETTINGS_REGION" b="Régió"/>
      <T a="SETTINGS_SKIN" b="Megjelenés"/>
      <T a="SETTINGS_SKIN_DARK" b="Modern"/>
      <T a="SETTINGS_SKIN_ORANGE" b="Classic"/>
      <T a="SETTINGS_SKIN_JERSEY" b="Jersey"/>
      <T a="SETTINGS_RESTART_NEEDED" b="(újraindítás szükséges)"/>
      <T a="SETTINGS_VERSION" b="Szoftver verzió"/>
      <T a="SMARTCARDS" b="Kártyák"/>
      <T a="SORT_BY" b="Rendezés"/>
      <T a="SORT_BY_QUERY" b="Találat"/>
      <T a="SORT_BY_START" b="Kezdés"/>
      <T a="STATION" b="Linkek"/>
      <T a="SUBITEMS" b="alkategória"/>
      <T a="SUBTITLE_SETTINGS" b="Felirat"/>
      <T a="SUBTITLE_FACE" b="Betűtípus"/>
      <T a="SUBTITLE_SIZE" b="Méret"/>
      <T a="SUBTITLE_BOLD" b="Félkövér"/>
      <T a="SUBTITLE_OUTLINE" b="Körvonal"/>
      <T a="SUBTITLE_SHADOW" b="Árnyék"/>
      <T a="SUBTITLE_MARGIN_BOTTOM" b="Pozíció"/>
      <T a="SUBTITLE_BBOX" b="Háttér"/>
      <T a="SUBSCRIPTION" b="Előfizetés"/>
      <T a="SUBSCRIPTION_ACTIVATE" b="Érvényesítés"/>
      <T a="SUBSCRIPTION_CODE" b="PIN kód:"/>
      <T a="TEST" b="Teszt"/>
      <T a="TITLE" b="Cím"/>
      <T a="TOGGLE_ALL" b="Mindet kipipál"/>
      <T a="TRACK" b="szám"/>
      <T a="TUNERS" b="Tunerek"/>
      <T a="TUNE_MANUAL" b="Kézi hangolás"/>
      <T a="TUNING" b="Hangolás"/>
      <T a="TV" b="Televízió"/>
      <T a="TV_OSD" b="TV-adás"/>
      <T a="WEBTV_OSD" b="WebTV" />
      <T a="TV_TUNING" b="TV Hangolás"/>
      <T a="UPDATE" b="Frissítés"/>
      <T a="USERNAME" b="Felhasználói név"/>
      <T a="UTORRENT" b="μTorrent"/>
      <T a="VALID_UNTIL" b="Érvényes %s-ig (%s)"/>
      <T a="VIDEOSMART" b="VideoSmart"/>
      <T a="VIDEO_SETTINGS" b="Kép"/>
      <T a="VIEWCOUNT" b="Nézettség"/>
      <T a="WAITING_FOR_DOWNLOAD" b="Letöltésre vár"/>
      <T a="WEATHER" b="Időjárás"/>
      <T a="WEATHER_LOCAL" b="Belföld"/>
      <T a="WEATHER_TODAY" b="Mai időjárás"/>
      <T a="WEATHER_WORLD" b="Külföld"/>
      <T a="WISHLIST" b="Kívánságlista"/>
      <T a="WISHLIST_ADD" b="Hozzáadás"/>
      <T a="WISHLIST_ANY_CHANNEL" b="-"/>
      <T a="WISHLIST_NOT_FOUND" b="Nincs találat a jelenlegi műsorkínálatban. Hozzáadja a megadott feltételeket mégis?"/>
      <T a="X_TRACKS_Y_POINTS" b="%d db szám, %d pont."/>
      <T a="YEAR" b="Év"/>
      <T a="YES" b="Igen"/>
      <T a="YOUTUBE" b="YouTube"/>
      <T a="YOUTUBE_ALL_CHANNELS" b="Összes videó"/>
      <T a="YOUTUBE_MOVIES_MOST_RECENT" b="Filmek / Most Recent"/>
      <T a="YOUTUBE_MOVIES_MOST_POPULAR" b="Filmek / Most Popular"/>
      <T a="YOUTUBE_MOVIES_TRENDING" b="Filmek / Trending"/>
      <T a="YOUTUBE_SUBSCRIBE_TO_USER" b="Feliratkozás"/>
      <T a="CONTACTS_MESSAGES" b="Üzenetek"/>
      <T a="CONTACTS_RECENT" b="Aktivitás"/>
      <T a="CONTACTS_ADD" b="Hozzáad"/>
      <T a="CONTACTS_ADD_USERNAME" b="Keresendő felhasználó neve:"/>
      <T a="CONTACTS_NO_SUCH_USER" b="Nincs ilyen felhasználó!"/>
      <T a="CONTACTS_ADD_FAILED" b="Hiba történt, hozzáadás sikertelen."/>
      <T a="CONTACTS_DELETE_CONFIRM" b="Biztos, hogy törli a kijelölt kapcsolatot?"/>
      <T a="CONTACTS_CALL" b="Hívás"/>
      <T a="ACCEPT_CONTACT" b="Elfogadás"/>
      <T a="BLOCK_CONTACT" b="Elutasítás"/>
      <T a="SEND_PODCAST" b="Küldés"/>
      <T a="SEND" b="Küldés"/>
      <T a="CONTACTDIALOG_TITLE" b="Kapcsolat kiválasztása"/>
      <T a="SWITCH_VIEW" b="Nézetváltás"/>
      <T a="FACEBOOK_HAS_JUST_WATCHED" b="megnézte a HybridBox-on"/>
      <T a="FACEBOOK_LIKES" b="kedveli a HybridBox-on"/>
      <T a="FACEBOOK_LIKED_FEEDBACK" b="Elküldve a Facebook-ra"/>
      <T a="LEVELS" b="Megjelenítési mód:"/>
      <T a="LEVELS_FULLRANGE" b="Eredeti"/>
      <T a="LEVELS_TVSCALE" b="TV->PC"/>
      <T a="HOURS" b="óra"/>
      <T a="NOLTV" b="NOL TV"/>
      <T a="PREV_PAGE" b="Előző oldal"/>
      <T a="NEXT_PAGE" b="Következő oldal"/>
      <T a="ALWAYS_ON_TOP" b="Mindig előtérben"/>
      <T a="SKYPE" b="Skype"/>
      <T a="SKYPE_START_VIDEO_CALL" b="Videóhívás"/>
      <T a="SKYPE_START_AUDIO_CALL" b="Hanghívás"/>
      <T a="SKYPE_START_CHAT" b="Chat"/>
      <T a="SKYPE_VIDEO_DEVICE" b="Video Input"/>
      <T a="SKYPE_AUDIO_IN_DEVICE" b="Audio Input"/>
      <T a="SKYPE_AUDIO_OUT_DEVICE" b="Audio Output"/>
      <T a="UPLOADEDBY" b="Feltöltő"/>
      <T a="RECOMMENDED" b="Ajánlott"/>
      <T a="GROOVESHARK_POPULAR" b="Népszerű" />
      <T a="GROOVESHARK_SEARCH" b="Keresés" />
      <T a="GROOVESHARK_MYMUSIC" b="Saját zenék" />
      <T a="GROOVESHARK_PLAYLISTS" b="Lejátszási listák" />
      <T a="GROOVESHARK_SETTINGS" b="Beállítások" />
      <T a="GROOVESHARK_NOWPLAYING" b="Now Playing" />
      <T a="GROOVESHARK_WARNING" b="Látogassa meg a grooveshark.com-ot a lista serkesztéséhez."/>
      <T a="GROOVESHARK_FULLSCREEN" b="Vizualizáció"/>
      <T a="DROPBOX_AUTH_APP" b="Kattintson ide, hogy engedélyezze a Homesys-t a Dropbox-nál" />
      <T a="FIRSTNAME" b="Keresztnév"/>
      <T a="LASTNAME" b="Családnév"/>
      <T a="COUNTRY" b="Ország"/>
      <T a="ADDRESS" b="Cím"/>
      <T a="POSTALCODE" b="Irányítószám"/>
      <T a="PHONENUMBER" b="Telefonszám"/>
      <T a="GENDER" b="Nem"/>
      <T a="MALE" b="Férfi"/>
      <T a="FEMALE" b="Nő"/>
      <T a="TRAILER" b="Előzetes"/>
      <T a="PERSONAL_DISCLAMER" b="FIGYELEM:\nA minőség javítása és a fejlesztések meggyorsítása érdekében ez az új szolgáltatás elküldi a HybridBox és a HomeSys szoftver használati statisztikáit a HybridBox kiszolgálójára.\nAz elküldött információk segítségével személyre szabott tartalmak és szolgáltatások kerülnek kialakításra, ajánlásra.\nNémely esetben harmadik fél (pl. ingyenes termékminta küldés, vásárlás a képernyőn) kérheti ezen adatokat, de ezt minden esetben Önnek engedélyezni kell." />
    </Language>

    <Language id="deu">

      <T a="0YO" b="Kein"/>
      <T a="12YO" b="12 Jahre"/>
      <T a="16YO" b="16 Jahre"/>
      <T a="18YO" b="18 Jahre"/>
      <T a="ABORT_SCAN" b="Stop"/>
      <T a="ACTOR" b="Schauspieler"/>
      <T a="ADD_NEW_PODCAST_FEED" b="Aufnahme neuer Titel"/>
      <T a="ADD_TO_FAVORITES" b="Zu den Favorites"/>
      <T a="ALBUM" b="Album"/>
      <T a="ANTENNA" b="Antenna"/>
      <T a="AR" b="Képarány"/>
      <T a="ARTIST" b="Interpreter"/>
      <T a="AR_169" b="16:9"/>
      <T a="AR_43" b="4:3"/>
      <T a="AR_AUTO" b="automatikus"/>
      <T a="AR_STRETCHED" b="Sterched"/>
      <T a="AR_SURROUNDING" b="Um das Fenster"/>
      <T a="AUDIO_LFE" b="LFE (Subwoofer)"/>
      <T a="AUDIO_NORMALIZE" b="Automatische Lautstärke"/>
      <T a="AUDIO_SETTINGS" b="Ton"/>
      <T a="AUDIO_SPEAKERS" b="Lautsprecher"/>
      <T a="BACK" b="Zurück"/>
      <T a="BALANCE" b="Balance"/>
      <T a="BROWSE" b="Browse"/>
      <T a="BUILTIN_DXVA_DECODER" b="DXVA Decoder"/>
      <T a="BUILTIN_H264_DECODER" b="Eingebaute H264 Decoder"/>
      <T a="BUSY" b="Abfrage..."/>
      <T a="BUY" b="Kauf"/>
      <T a="BY_PIE" b="Povider für die künstliche Intelligenz: PIE"/>
      <T a="CABLE" b="Kabel"/>
      <T a="CANCEL" b="Cancel"/>
      <T a="CANCEL_RECORDING" b="Stoppen Sie die eingestellte Aufnahme?"/>
      <T a="CANCEL_REMINDER" b="Wollen Sie die Warnung verschwinden lassen?"/>
      <T a="CAST" b="Darsteller"/>
      <T a="CD_DVD" b="CD/DVD"/>
      <T a="CHANNEL" b="Sender"/>
      <T a="CHANNELS" b="Sender"/>
      <T a="CHANNEL_EPG" b="Programm des Senders"/>
      <T a="CHANNEL_NAME" b="Name des Senders"/>
      <T a="CHANNEL_NOT_SET" b="(Kein)"/>
      <T a="CHANNEL_ORDER" b="Folgenreihe"/>
      <T a="CHANNEL_RELATED_VIDEOS" b="Anknüpfende videos"/>
      <T a="CHANNEL_SCHEDULE" b="Beschreibung des Programmes"/>
      <T a="CHANNEL_SORT_BY_CURRENT" b="Alles umgestalten"/>
      <T a="CHANNEL_SORT_BY_RANK" b="Sortieren nach Einschaltquote"/>
      <T a="CHANNEL_SORT_DOWN" b="Bewegen nach unten"/>
      <T a="CHANNEL_SORT_UP" b="Bewegen nach oben"/>
      <T a="CHANNEL_SWITCH_TO" b="Schalten aufs Kanal"/>
      <T a="CINEMA" b="Kino"/>
      <T a="CINEMA_GUIDE" b="Kinoprogramm"/>
      <T a="CINEMA_INFO" b="Beschreibung"/>
      <T a="CINEMA_MOVIE" b="Kinofilm"/>
      <T a="CINEMA_PREMIER" b="Premiers"/>
      <T a="CINEMA_PREMIERS" b="Neue Filme in der Woche"/>
      <T a="CINEMA_SHOWTIME" b="Ausgestrahlt"/>
      <T a="CINEMA_TRAILER" b="Trailer"/>
      <T a="CLEAR_SELECTION" b="Löschen der Markierung"/>
      <T a="CONFIRM_PURCHASE" b="Wollen Sie die ausgewählte Inhalte wirklich kaufen?"/>
      <T a="CONNECT" b="Connect"/>
      <T a="CONTACTS" b="Kontakte"/>
      <T a="CREATE_NEW_USER" b="Login daten"/>
      <T a="CURRENT_BALANCE_X_POINTS" b="Current Balance: %d pont."/>
      <T a="CUT" b="Cut"/>
      <T a="DAY_FRI" b="Fr"/>
      <T a="DAY_MON" b="Mo"/>
      <T a="DAY_SAT" b="Sa"/>
      <T a="DAY_SUN" b="So"/>
      <T a="DAY_THU" b="Do"/>
      <T a="DAY_TUE" b="Di"/>
      <T a="DAY_WEN" b="Mi"/>
      <T a="DELAY_NONE" b="Keine"/>
      <T a="DELETE" b="Löschen"/>
      <T a="DELETE_CHANNEL" b="Löschen der Kanal"/>
      <T a="DEL_CONTACT" b="Löschen des Kontakts"/>
      <T a="DESCRIPTION" b="Beschreibung"/>
      <T a="DIRECTOR" b="Regisseur"/>
      <T a="DIR_DOCUMENTS" b="Ordner Dokumente"/>
      <T a="DIR_DOWNLOADS" b="Ordner Laden"/>
      <T a="DIR_RECORDINGS" b="Aufnahme ins Ordner"/>
      <T a="DISABLED" b="Letiltva"/>
      <T a="DISTRICT" b="Bezirk"/>
      <T a="DITV" b="DiTV"/>
      <T a="DONE" b="Fertig"/>
      <T a="DOWNLOAD" b="Herunterladen"/>
      <T a="UPLOAD" b="Hochladen"/>
      <T a="DOWNLOADING_FROM_YOUTUBE" b="Herunterladen vom YouTube..."/>
      <T a="DOWNLOADS" b="Laden"/>
      <T a="DOWNLOAD_ALL" b="Laden der früher gekauften."/>
      <T a="DOWNLOAD_IN_PROGRESS" b="Laden..."/>
      <T a="DOWNLOAD_NEW" b="Nur die Neuen laden."/>
      <T a="DOWNLOAD_NOTHING" b="Lädt nicht."/>
      <T a="DVB_TUNING" b="DVB Tuning"/>
      <T a="DVD" b="DVD"/>
      <T a="EDIT_OR_PLAY" b="Öffnen zum Editieren?"/>
      <T a="EGYSZERVOLT" b="Egyszervolt"/>
      <T a="EMAIL" b="Email Adresse"/>
      <T a="EMAIL_NOTE" b="Neuer Verbraucher"/>
      <T a="ENABLED" b="Genehmigt"/>
      <T a="ENTER_STATION_NAME" b="URL Name eintragen"/>
      <T a="EPG" b="TV Zeitschrift"/>
      <T a="EPG_RECOMMEND" b="Programmempfehlungen"/>
      <T a="EPISODE" b="Episode"/>
      <T a="ERROR" b="Fehler"/>
      <T a="EXIT" b="Exit"/>
      <T a="EXPIRED_PLEASE_UPDATE" b="Die Testversion des Programmes ist abgelaufen.\n\nKontaktieren Sie bitte unsere Webseite homesys.tv um die neue Version abzuladen."/>
      <T a="F1" b="F1"/>
      <T a="F2" b="F2"/>
      <T a="F3" b="F3"/>
      <T a="F4" b="F4"/>
      <T a="FAVORITES" b="Favoriten"/>
      <T a="FILES" b="Files"/>
      <T a="FILESIZE" b="Filegrösse"/>
      <T a="FREQUENCY" b="Frekvenz"/>
      <T a="GENERAL" b="Allgemeines"/>
      <T a="GENRE" b="Genre"/>
      <T a="HOST_OR_IP" b="PC oder IP Adresse"/>
      <T a="HOTLINK_STRIP" b="Empfehlungszeile"/>
      <T a="HTPC_NAME" b="HTPC Name:"/>
      <T a="HTPC_REG" b="Neue HTPC Registration"/>
      <T a="HTPC_REG_DONE" b="Die Registration war erfolgreich.\n\nSie können Ihre Loginname und Password zum Onlineverwenden in den Einstellungen angeben.\n\nDrücken Sie bitte Weiter."/>
      <T a="HTPC_REG_IN_PROGRESS" b="Erstellen der Datenbase%s\n\nSchliessen Sie bitte das PC zum Internet.\n\nDas Laden der Daten kann einige Minuten dauern."/>
      <T a="HTPC_TUNERS" b="Gefundene TV tuners:"/>
      <T a="HUNGARIAN" b="hungarian"/>
      <T a="INACTIVITY_TIME" b="IInaktivitäts Zeit"/>
      <T a="INTERNET" b="Internet"/>
      <T a="INVALID_CODE_OR_SERVER_ERROR" b="Sie haben falschen Daten angegeben, oder die Verbindung zur Dienstleistung hat fehlgeschlagen."/>
      <T a="IN_PROGRESS" b="Im Prozess..."/>
      <T a="LENGTH" b="Länge"/>
      <T a="MAIN_MENU" b="Hauptmenü"/>
      <T a="MEDIASHOP" b="Mediashop"/>
      <T a="MINUTES" b="Minuten"/>
      <T a="MODIFY" b="Modifizierung"/>
      <T a="MOST_POPULAR" b="Die populärste Videos"/>
      <T a="MOST_VIEWED" b="Meist geladene Videos"/>
      <T a="MOVIE" b="Film"/>
      <T a="MUSIC" b="Musik"/>
      <T a="MUSIC_STORE" b="Musikladen"/>
      <T a="MY_COMPUTER" b="MY Computer"/>
      <T a="NEWS" b="Nachrichten"/>
      <T a="NEW_CHANNEL" b="Neues Kanal"/>
      <T a="NEW_CONTACT" b="Neues Kontakt"/>
      <T a="NEW_RECORDING" b="Neue Aufnahme"/>
      <T a="NEXT" b="Weiter"/>
      <T a="NO" b="Nein"/>
      <T a="NONE" b="nix"/>
      <T a="NO_CATEGORY" b="Keine Kategorie"/>
      <T a="NO_GUIDE" b="Sendepause"/>
      <T a="NO_PACKAGE" b="Kein Paket"/>
      <T a="NO_PROVIDER" b="Kein Dienstleister"/>
      <T a="NO_VALID_SUBSCRIPTION" b="Sie haben keine gültige Abonnement"/>
      <T a="OFF" b="Aus"/>
      <T a="ON" b="Ein"/>
      <T a="ON_SCREEN_KEYBOARD" b="Texteingabe"/>
      <T a="PACKAGE" b="Paket"/>
      <T a="PARENTAL" b="Kindersperre"/>
      <T a="PARENTAL_LEVEL_12" b="Programm (12)"/>
      <T a="PARENTAL_LEVEL_16" b="Programm (15)"/>
      <T a="PARENTAL_LEVEL_18" b="Programm (18)"/>
      <T a="PARENTAL_LEVEL_FULL" b="Voll"/>
      <T a="PARENTAL_LEVEL_OFF" b="Kein"/>
      <T a="PASSWORD" b="Password"/>
      <T a="PASSWORD_AGAIN" b="Password noch einmal"/>
      <T a="PASSWORD_BALOON" b="Geben Sie bitte das Password ein!"/>
      <T a="PICTURES" b="Bilder"/>
      <T a="PLAY" b="Abspielen"/>
      <T a="PLAY_ALL" b="Alles abspielen"/>
      <T a="PLAYBACK" b="Abspielen"/>
      <T a="PLAYLIST" b="Abspielliste"/>
      <T a="PLEASE_WAIT" b="Bitte warten"/>
      <T a="PODCAST" b="Podcast"/>
      <T a="PODCAST_ADD_ERROR" b="Falsche Adresse"/>
      <T a="PODCAST_ENTER_RSS_URL" b="Geben Sie bitte eine RSS Adresse"/>
      <T a="POSTALCODE_OR_CITY" b="Postleitzahl oder Stadt"/>
      <T a="PREVIEW" b="Vorschau"/>
      <T a="PRICE" b="Preis"/>
      <T a="PRIME_TIME" b="Hauptprogramm Zeit"/>
      <T a="PROGRAM_STARTS" b="%s Programm beginnt in %d Sekunden. (%d:%02d)"/>
      <T a="PROVIDER" b="Dienstleister"/>
      <T a="QUALITY" b="Qualität"/>
      <T a="RADIO" b="Radio"/>
      <T a="RATING" b="Altersgrenze"/>
      <T a="RECORD" b="Aufnahme"/>
      <T a="RECORDINGS" b="Aufnahme"/>
      <T a="RECORDINGS_COMPLETED" b="Aufgenommene"/>
      <T a="RECORDINGS_ERROR" b="Aufnahmefehler"/>
      <T a="RECORDINGS_SCHEDULED" b="Zeitgesteuert"/>
      <!--T a="RECORDING_SORT_ORDER" b=""/-->
      <!--T a="RECORDING_SORT_GROUPPING" b=""/-->
      <T a="RECORDING_NAME" b="Name der Aufnahme"/>
      <T a="RECORDING_PRESET" b="Platz der Aufnahme"/>
      <T a="RECORDING_START" b="Startzeit"/>
      <T a="RECORDING_STARTS" b="Aufnahme beginnt in %d Sekunden. (%d:%02d - %s)"/>
      <T a="RECORDING_START_EARLIER" b="Aufnahme früher"/>
      <T a="RECORDING_STOP" b="Zeit der Aufnahmestopp"/>
      <T a="RECORDING_STOP_LATER" b="Aufnahmestopp verschieben"/>
      <T a="RECORD_CANCEL" b="Aufnahme zurückziehen"/>
      <T a="RECORD_CANCEL_ALL" b="Serie zurückziehen"/>
      <T a="RECORD_EVERYWHERE" b="Aufnahme überall"/>
      <T a="RECORD_ON_CHANNEL" b="Aufnahme auf der Kanal"/>
      <T a="REDOWNLOAD" b="Erneut Laden"/>
      <T a="REFRESH" b="Refresh"/>
      <T a="REGISTER_FAILED" b="Fehler während der Registration."/>
      <T a="REGISTER_PASSWORD_MISMATCH" b="Die eingetippte Passwords eignen nicht!"/>
      <T a="REGISTER_PLEASE_FILL" b="Es Fehlen notwendige Angaben!"/>
      <T a="REGISTER_USER_EXITS" b="Benutzername ist belegt, wählen Sie eine andere Benutzername, oder geben Sie die richtigen Password ein!"/>
      <T a="REGISTRATION" b="Registration"/>
      <T a="RELATED_PROGRAMS" b="Ähnliche Programme"/>
      <T a="RELATED_VIDEOS" b="Ähnliche Videos"/>
      <T a="UPLOADERS_VIDEOS" b="Videos vom Benutzer"/>
      <T a="REMIND_ME" b="Warnung"/>
      <T a="REPEAT_MODE_ALL" b="Abspielen nacheinander"/>
      <T a="REPEAT_MODE_ONE" b="Stoppt nach der Titel"/>
      <T a="REPEAT_MODE_RANDOM" b="Zufällige Wiedergabe"/>
      <T a="SAVE" b="Speichern"/>
      <T a="SCAN_APPEND_PRESETS" b="Die bisherige Kanäle nicht löschen"/>
      <T a="SCHEDULE" b="Zeit"/>
      <T a="SEARCH" b="Suche"/>
      <T a="SECONDS" b="Sec"/>
      <T a="SELECT_ALL" b="Alles markieren"/>
      <T a="SERVICE_OFFLINE" b="Service läft nicht!"/>
      <T a="SETTINGS" b="Einstellungen"/>
      <T a="SETTINGS_BUFFER_SIZE" b="Timeshift buffers Grösse"/>
      <T a="SETTINGS_DIR_DOWNLOADS" b="Ordner zum Laden"/>
      <T a="SETTINGS_DIR_RECORDINGS" b="Ordner zum Aufzeichnen"/>
      <T a="SETTINGS_DIR_TEMP" b="Provisorische Files"/>
      <T a="SETTINGS_HOTLINK_PODCAST" b="Podcast"/>
      <T a="SETTINGS_HOTLINK_PROGRAM" b="Fernseher"/>
      <T a="SETTINGS_HOTLINK_MESSAGE" b="Nachrichten"/>
      <T a="SETTINGS_HOTLINK_ACTIVITY" b="Aktivität verteilen min den Kontakten"/>
      <T a="SETTINGS_HOTLINK_TIMEOUT" b="Erscheinung"/>
      <T a="SETTINGS_FACEBOOK_ACTIVITY" b="Aktivität verteilen auf Facebook"/>
      <T a="SETTINGS_LANGUAGE" b="Sprache"/>
      <T a="SETTINGS_PERSONAL" b="Persönlich"/>
      <T a="SETTINGS_REGION" b="Region"/>
      <T a="SETTINGS_SKIN" b="Skin"/>
      <T a="SETTINGS_SKIN_DARK" b="Modern"/>
      <T a="SETTINGS_SKIN_ORANGE" b="Classic"/>
      <T a="SETTINGS_SKIN_JERSEY" b="Jersey"/>
      <T a="SETTINGS_RESTART_NEEDED" b="(Restart notwendig)"/>
      <T a="SETTINGS_VERSION" b="Software Version"/>
      <T a="SMARTCARDS" b="Chipkarten"/>
      <T a="SORT_BY" b="Ablegen nach"/>
      <T a="SORT_BY_QUERY" b="Treffer"/>
      <T a="SORT_BY_START" b="Beginn"/>
      <T a="STATION" b="Links"/>
      <T a="SUBITEMS" b="Subkategorie"/>
      <T a="SUBTITLE_SETTINGS" b="Aufschrift"/>
      <T a="SUBTITLE_FACE" b="Buchstabentyp"/>
      <T a="SUBTITLE_SIZE" b="Grösse"/>
      <T a="SUBTITLE_BOLD" b="Bold"/>
      <T a="SUBTITLE_OUTLINE" b="Outline"/>
      <T a="SUBTITLE_SHADOW" b="Shadow"/>
      <T a="SUBTITLE_MARGIN_BOTTOM" b="Positon"/>
      <T a="SUBTITLE_BBOX" b="Hintergrund"/>
      <T a="SUBSCRIPTION" b="Abonnement"/>
      <T a="SUBSCRIPTION_ACTIVATE" b="Aktivierung"/>
      <T a="SUBSCRIPTION_CODE" b="PIN code:"/>
      <T a="TEST" b="Test"/>
      <T a="TITLE" b="Titel"/>
      <T a="TOGGLE_ALL" b="Alles wählen"/>
      <T a="TRACK" b="Nummer"/>
      <T a="TUNERS" b="Tuners"/>
      <T a="TUNE_MANUAL" b="Manuell abstimmen"/>
      <T a="TUNING" b="Abstimmen"/>
      <T a="TV" b="Fernseher"/>
      <T a="TV_OSD" b="TV-Sendung"/>
      <T a="WEBTV_OSD" b="WebTV" />
      <T a="TV_TUNING" b="TV Abstimmen"/>
      <T a="UPDATE" b="Update"/>
      <T a="USERNAME" b="Benutzername"/>
      <T a="UTORRENT" b="μTorrent"/>
      <T a="VALID_UNTIL" b="Gültig bis %s (%s)"/>
      <T a="VIDEOSMART" b="VideoSmart"/>
      <T a="VIDEO_SETTINGS" b="Bild"/>
      <T a="VIEWCOUNT" b="Einschaltquote"/>
      <T a="WAITING_FOR_DOWNLOAD" b="Wartet auf Laden"/>
      <T a="WEATHER" b="Wetter"/>
      <T a="WEATHER_LOCAL" b="Inland"/>
      <T a="WEATHER_TODAY" b="Wetter Heute"/>
      <T a="WEATHER_WORLD" b="Ausland"/>
      <T a="WISHLIST" b="Wunschliste"/>
      <T a="WISHLIST_ADD" b="Zufügen"/>
      <T a="WISHLIST_ANY_CHANNEL" b="-"/>
      <T a="WISHLIST_NOT_FOUND" b="Kein Treffer im momentanen Programmauswahl. Wollen Sie die ausgewählte Bedingungen trozdem zufügen?"/>
      <T a="X_TRACKS_Y_POINTS" b="%d Stck Nummer, %d Punkt."/>
      <T a="YEAR" b="Jahr"/>
      <T a="YES" b="Ja"/>
      <T a="YOUTUBE" b="YouTube"/>
      <T a="YOUTUBE_ALL_CHANNELS" b="Alles"/>
      <T a="YOUTUBE_MOVIES_MOST_RECENT" b="Filme"/>
      <T a="YOUTUBE_MOVIES_MOST_POPULAR" b="Filme"/>
      <T a="YOUTUBE_MOVIES_TRENDING" b="Filme"/>
      <T a="YOUTUBE_SUBSCRIBE_TO_USER" b="Abbonieren"/>
      <T a="CONTACTS_MESSAGES" b="Nachrichten"/>
      <T a="CONTACTS_RECENT" b="Aktivität"/>
      <T a="CONTACTS_ADD" b="Zufügen"/>
      <T a="CONTACTS_ADD_USERNAME" b="Gesuchte Benutzername:"/>
      <T a="CONTACTS_NO_SUCH_USER" b="Kein Beutzer unter diesen Namen!"/>
      <T a="CONTACTS_ADD_FAILED" b="Fehler, zufügen nicht erfolgt."/>
      <T a="CONTACTS_DELETE_CONFIRM" b="Wollen die markierte Kontakt wirklich löschen?"/>
      <T a="CONTACTS_CALL" b="Anrufen"/>
      <T a="ACCEPT_CONTACT" b="Akzeptieren"/>
      <T a="BLOCK_CONTACT" b="Abgewiesen"/>
      <T a="SEND_PODCAST" b="Senden"/>
      <T a="SEND" b="Senden"/>
      <T a="CONTACTDIALOG_TITLE" b="Verbindung auswählen"/>
      <T a="SWITCH_VIEW" b="Wechsel des Ansichts"/>
      <T a="FACEBOOK_HAS_JUST_WATCHED" b="gesehen auf HybridBox"/>
      <T a="FACEBOOK_LIKES" b="Likes on HybridBox"/>
      <T a="FACEBOOK_LIKED_FEEDBACK" b="Sent to Facebook"/>
      <T a="LEVELS" b="Display Mode:"/>
      <T a="LEVELS_FULLRANGE" b="Original"/>
      <T a="LEVELS_TVSCALE" b="TV->PC"/>
      <!--T a="HOURS" b="Uhr"/-->
      <T a="NOLTV" b="NOL TV"/>
      <T a="PREV_PAGE" b="Vorherige Seite"/>
      <T a="NEXT_PAGE" b="Nächste Seite"/>
      <T a="ALWAYS_ON_TOP" b="Immer im Vordergrund"/>
      <T a="SKYPE" b="Skype"/>
      <T a="SKYPE_START_VIDEO_CALL" b="Video Call"/>
      <T a="SKYPE_START_AUDIO_CALL" b="Voice Call"/>
      <T a="SKYPE_START_CHAT" b="Chat"/>
      <T a="SKYPE_VIDEO_DEVICE" b="Video Input"/>
      <T a="SKYPE_AUDIO_IN_DEVICE" b="Audio Input"/>
      <T a="SKYPE_AUDIO_OUT_DEVICE" b="Audio Output"/>
      <T a="UPLOADEDBY" b="Hochgeladen von"/>
      <T a="RECOMMENDED" b="Empfohlen"/>
      <T a="GROOVESHARK_POPULAR" b="Beliebt" />
      <T a="GROOVESHARK_SEARCH" b="Suchen" />
      <T a="GROOVESHARK_MYMUSIC" b="Meine Musik" />
      <T a="GROOVESHARK_PLAYLISTS" b="Wiedergabeliste" />
      <T a="GROOVESHARK_SETTINGS" b="Einstellungen" />
      <T a="GROOVESHARK_NOWPLAYING" b="Now Playing" />
      <T a="GROOVESHARK_WARNING" b="Please visit grooveshark.com to edit this list."/>
      <T a="GROOVESHARK_FULLSCREEN" b="Visualization"/>
      <T a="DROPBOX_AUTH_APP" b="Click here to let Homesys access your Dropbox account" />
      <T a="FIRSTNAME" b="First name"/>
      <T a="LASTNAME" b="Last name"/>
      <T a="COUNTRY" b="Country"/>
      <T a="ADDRESS" b="Address"/>
      <T a="POSTALCODE" b="Postal code"/>
      <T a="PHONENUMBER" b="Phone number"/>
      <T a="GENDER" b="Gender"/>
      <T a="MALE" b="Male"/>
      <T a="FEMALE" b="Female"/>
      <T a="TRAILER" b="Trailer"/>
      <T a="PERSONAL_DISCLAMER" b="FIGYELEM:\nA minőség javítása és a fejlesztések meggyorsítása érdekében ez az új szolgáltatás elküldi a HybridBox és a HomeSys szoftver használati statisztikáit a HybridBox kiszolgálójára.\nAz elküldött információk segítségével személyre szabott tartalmak és szolgáltatások kerülnek kialakításra, ajánlásra.\nNémely esetben harmadik fél (pl. ingyenes termékminta küldés, vásárlás a képernyőn) kérheti ezen adatokat, de ezt minden esetben Önnek engedélyezni kell." />
    </Language>

  </Localization>

</DXUI>